feedback_id,customer_id,product_id,rating,review,feedback_date
1,1063,P046,4,Magazine value speak address near trade catch one.,2025-05-31
2,1185,P033,5,Benefit prove work cover look city car prove tell feel.,2025-01-25
3,1092,P018,2,Clear large center card.,2024-12-21
4,1179,P007,4,Change happen smile gas his anyone.,2025-08-15
5,1056,P001,5,Feel certain expect under life bad our beat station may crime.,2025-07-05
6,1155,P033,2,Position try six total together year level.,2025-05-03
7,1160,P001,5,Prove huge culture seat white me bed simple surface often expect.,2024-04-27
8,1111,P024,5,How whose drug society level view either film government.,2024-05-11
9,1137,P004,4,With much hot drug somebody professional particular recently although north.,2025-09-05
10,1068,P004,2,President skin information traditional air president agreement.,2024-12-09
11,1046,P018,4,Add cultural similar line federal main seek PM year.,2025-03-21
12,1067,P027,1,Find late stop catch increase tax old alone site reach.,2025-10-21
13,1154,P043,1,Large tend pretty push daughter particularly money although standard.,2025-05-10
14,1136,P032,2,None at parent throw week road poor job music.,2025-08-18
15,1006,P033,5,Pay senior truth husband billion buy option admit kitchen score.,2025-06-01
16,1024,P028,4,War manage tonight audience some.,2025-05-29
17,1176,P042,4,Agent total beyond program final sure worker business organization community.,2025-04-28
18,1094,P041,2,Upon serve have serve region body close.,2025-11-30
19,1173,P036,2,Suggest character firm now near for baby other.,2025-05-07
20,1013,P006,1,Rich them police without.,2026-03-02
21,1197,P016,3,Citizen road decade blue industry area sell often father outside.,2026-01-18
22,1025,P034,2,Play land red purpose employee space picture reveal six.,2025-08-05
23,1148,P023,3,Contain future all four international crime operation policy institution let.,2024-07-26
24,1118,P050,2,Grow money much man officer security its prevent.,2025-05-10
25,1082,P042,5,My example opportunity seek reveal seat over record.,2024-08-29
26,1111,P024,5,Social up direction evening good.,2024-12-17
27,1082,P049,1,Add down break mention general visit pay mention.,2025-04-07
28,1066,P013,1,Practice during think everybody positive environment bit heavy.,2026-01-11
29,1045,P018,3,More pull sometimes price author set fight tough.,2025-02-05
30,1114,P013,2,Eye season nor get realize ok camera magazine if.,2024-10-30
31,1175,P049,4,Girl open role order thousand.,2025-07-15
32,1063,P037,1,Keep scene tell property hot pull.,2025-03-07
33,1076,P043,4,Watch threat many field along cup reflect clearly.,2026-02-11
34,1114,P039,4,Trip in mission arrive share cause capital rise.,2025-01-04
35,1111,P042,2,Second present consider movement contain.,2024-08-22
36,1183,P017,3,Cold nature address tend think clear instead.,2024-09-20
37,1147,P015,2,Hospital heart able glass loss grow together able Congress first.,2025-08-24
38,1035,P018,1,Against during might democratic owner.,2024-10-27
39,1053,P023,4,Or reach region senior executive view choose evening eight.,2026-01-12
40,1026,P030,2,Act simply by movement road public long.,2024-04-26
41,1014,P034,2,Man activity finish either.,2025-03-22
42,1118,P004,2,Five too condition together record conference sport fire place many.,2024-08-20
43,1045,P003,1,Civil coach technology career follow official score.,2025-04-14
44,1172,P007,3,Order member go yard structure little success just.,2024-05-31
45,1193,P018,2,This community one you much great recognize vote economic pressure.,2025-10-26
46,1051,P042,1,Beautiful technology talk hospital trial say six.,2024-07-29
47,1171,P007,4,Already result your serve method large actually run.,2025-10-29
48,1119,P040,5,Dinner if all land program general do.,2024-10-04
49,1151,P006,1,Miss toward never sign force.,2026-01-10
50,1184,P022,5,Support customer challenge set enter great guess its.,2024-12-18
51,1019,P001,2,Meeting pull near last forward.,2025-11-22
52,1082,P004,2,Even country up out piece thing find tonight this buy.,2025-05-04
53,1076,P046,1,Finally hour series that act game eye hard gun factor.,2025-10-18
54,1183,P049,5,Good course walk provide my consider final.,2025-01-17
55,1092,P050,2,Method state once investment cut add happen peace notice after.,2024-09-17
56,1188,P043,4,Edge sometimes only beyond recognize sister only remember into.,2026-01-18
57,1187,P029,3,Customer less if activity plan together.,2025-05-09
58,1033,P021,3,According data toward check she ever particularly floor article green.,2024-09-22
59,1147,P026,2,Series feel wall address fly these as democratic sister wait book.,2025-11-01
60,1028,P014,5,Team general subject team my seat coach threat task.,2025-12-04
61,1123,P009,2,Want another some reveal attorney determine which none.,2025-07-07
62,1180,P047,5,Chair and call effort whom.,2024-09-02
63,1126,P012,4,Financial bring audience south can.,2025-12-12
64,1177,P042,5,Central property different source community physical yes official.,2025-03-15
65,1037,P006,2,Site appear be ten already worry.,2024-04-04
66,1154,P020,4,Nothing apply program leg big table tend skin move difficult child.,2024-11-02
67,1099,P024,1,Mind hear improve happen guy time.,2025-03-06
68,1098,P027,3,People all national radio social.,2024-06-12
69,1127,P038,2,Its thank win evening old some maintain research since.,2025-02-26
70,1168,P008,2,On special kid less brother international six.,2024-09-13
71,1080,P001,2,Small difference field itself because.,2025-02-23
72,1038,P049,4,Industry whatever idea once animal religious near his but hotel.,2024-05-08
73,1077,P049,1,Beyond continue morning provide inside become get large hundred impact sure.,2024-08-15
74,1126,P024,5,Strong station school say control however pretty.,2025-11-20
75,1087,P047,1,Start yet rest single reflect everyone strong.,2025-02-21
76,1054,P007,4,Onto audience treat view home.,2025-04-21
77,1150,P019,2,Per structure you mouth pass laugh she agreement leave know.,2025-08-05
78,1016,P022,3,Knowledge town former vote sport safe if parent claim present.,2025-10-15
79,1028,P035,2,Positive so since operation water soon director.,2025-10-08
80,1163,P030,5,Agreement employee dog purpose glass service opportunity rich likely again.,2024-09-03
81,1188,P029,3,Send game drive require what agency rather.,2024-04-14
82,1173,P022,2,Suffer American smile language notice billion goal born two.,2025-04-12
83,1046,P011,3,Reduce organization write leader when police adult bag.,2025-07-15
84,1072,P020,1,Property want nature near accept little interest foot way become.,2025-06-24
85,1183,P029,4,Information order follow style pattern pattern central than board music.,2025-06-27
86,1085,P041,2,Ago policy amount Democrat attack ability.,2024-08-18
87,1026,P042,5,Forward she attack dream degree buy food onto throughout.,2024-06-20
88,1085,P034,1,Forget any outside ask player language control network bar.,2025-07-16
89,1153,P001,2,Time to me perform player rule site learn.,2025-11-03
90,1065,P031,1,Environmental let defense itself door.,2025-04-28
91,1134,P030,5,Image force everybody source though place here nearly campaign.,2024-10-01
92,1151,P048,2,Two little network mean hotel positive.,2026-03-20
93,1115,P018,5,Woman us system organization goal.,2026-02-09
94,1064,P017,3,High land bag produce knowledge husband onto factor part education herself.,2025-10-10
95,1087,P038,5,Employee option public know everyone fire old.,2024-09-06
96,1171,P014,3,Culture head wife forward reach election world.,2025-12-10
97,1107,P023,2,Clearly travel shake far official group ask.,2026-01-11
98,1151,P025,3,Fill management school must.,2025-02-05
99,1096,P015,2,Describe leader positive market dinner power some leg Republican scientist.,2024-10-21
100,1158,P046,2,Soldier arrive sister of attack sign.,2024-05-20
101,1077,P022,4,Subject court third company unit school dinner out name language.,2024-12-30
102,1146,P003,2,Attorney fall police learn line know hospital again forget best.,2024-09-24
103,1087,P019,3,History owner lawyer improve economy approach third will.,2025-03-10
104,1149,P044,4,Attack leave everybody edge visit.,2024-10-13
105,1057,P034,4,Happen grow friend sometimes two where form final.,2026-03-19
106,1103,P035,2,Mouth of those start say environmental.,2026-01-07
107,1151,P050,5,Box card sense still project laugh challenge whatever follow.,2025-11-07
108,1091,P001,5,Continue two over memory manager of suffer.,2025-11-13
109,1045,P021,4,Office ready collection task thing back home argue.,2025-01-25
110,1172,P029,2,Use mission very cut subject listen lead effect marriage part.,2025-03-14
111,1088,P006,5,Professor instead information around on address buy card against.,2025-07-11
112,1115,P037,2,Expert morning message wish land message.,2025-03-17
113,1047,P001,2,Attention writer company wait majority cell task notice.,2024-09-21
114,1168,P001,4,Now tree throw two.,2024-10-10
115,1179,P027,4,Model next then do cup.,2024-11-26
116,1170,P021,1,Maybe board on professional claim challenge particular.,2024-10-28
117,1135,P016,5,Physical set myself fast quite.,2024-10-02
118,1050,P044,5,Politics what whose her just.,2025-07-08
119,1176,P040,5,Professional talk mention close maintain their.,2024-06-02
120,1084,P026,3,Surface cover citizen appear.,2024-10-15
121,1091,P016,2,Thank position figure back least employee.,2025-11-18
122,1134,P028,4,House order though participant tough value.,2025-05-26
123,1091,P001,5,Deep eight behavior school behavior get toward improve large white.,2025-03-20
124,1137,P036,1,Your ago parent himself form war.,2024-04-09
125,1109,P010,5,Decide example box part bit just most fast about.,2024-06-10
126,1057,P043,2,Method get goal home without.,2024-12-14
127,1031,P017,2,Mouth who end food treatment seek well talk successful let.,2025-10-11
128,1021,P023,4,Minute population course establish job receive above walk support couple.,2024-04-05
129,1090,P007,3,Care each appear strong free serve.,2025-11-22
130,1040,P044,4,Ok traditional easy keep PM want.,2024-11-30
131,1112,P007,5,Eight court low many space of range break.,2025-02-04
132,1045,P044,1,Free expert me late me why.,2025-09-09
133,1077,P015,4,Court maybe dream person benefit.,2024-04-28
134,1177,P034,3,Special the national business buy dinner sure poor serve approach reach.,2025-03-26
135,1087,P046,4,Perhaps opportunity common either television Congress central know interest recently.,2025-12-19
136,1148,P045,2,Part they admit often enough actually.,2025-09-20
137,1101,P004,5,Government process our story statement difference thing research brother increase.,2025-01-29
138,1117,P014,5,Interview foot nation research force new role suddenly.,2025-10-29
139,1092,P014,5,Official deal back almost country majority discover.,2024-05-01
140,1145,P016,5,See on effect bill second yet air challenge everything expect.,2025-02-19
141,1028,P007,5,Point page left capital direction up contain step note to.,2024-11-21
142,1169,P032,5,Way bar focus tree focus commercial energy popular.,2024-04-22
143,1194,P019,1,Model agency back perhaps.,2025-09-27
144,1025,P002,3,Sell mouth decision concern remember especially career.,2024-09-15
145,1058,P010,5,Stage someone inside morning position herself.,2024-11-21
146,1041,P050,3,Also town there amount thus marriage attorney government hand help.,2024-05-07
147,1134,P017,5,Author place far fall deep national identify.,2025-11-22
148,1075,P037,4,Sister nearly together anyone current big sing.,2025-04-26
149,1038,P012,5,Career all next apply.,2025-12-02
150,1134,P006,2,Born the away ago few too.,2026-02-26
151,1173,P022,1,President gas see situation coach guy plant.,2024-06-16
152,1075,P032,4,Foreign open land despite such radio professor foot.,2025-01-20
153,1142,P041,4,Necessary run Congress education beautiful cut then.,2025-04-18
154,1066,P020,2,Government class decide pass since mention true above color.,2024-10-15
155,1168,P001,5,Modern scientist animal feeling million charge check hand culture pattern.,2025-04-25
156,1003,P047,1,Argue effect executive floor.,2024-11-21
157,1117,P006,4,Physical way ten might close owner real identify hold career.,2025-03-26
158,1099,P019,1,School fill agent turn still.,2025-01-03
159,1152,P018,4,Worker them director student ever painting next send.,2024-08-28
160,1019,P006,5,American law rest glass indicate past.,2024-04-11
161,1146,P045,4,Strategy statement just cost sing wife life.,2025-11-30
162,1192,P033,4,International idea glass statement consumer lot region style.,2024-07-27
163,1116,P023,3,So project small scene analysis determine campaign you ask.,2026-01-17
164,1125,P023,5,Behavior need community many again machine.,2025-03-27
165,1088,P026,2,Everybody leave we offer fill start.,2026-01-02
166,1035,P013,2,Economic billion whom a such person who.,2026-01-16
167,1190,P007,5,Pm tell series hit.,2026-01-31
168,1001,P015,2,Describe above as put paper per sister traditional.,2025-12-05
169,1153,P044,5,Provide inside will rest brother reflect every arm.,2024-04-09
170,1173,P027,2,Move rise by side analysis after picture statement against occur.,2025-05-20
171,1177,P026,3,Meeting six subject natural become similar.,2025-07-10
172,1126,P033,2,Discover cell why go natural.,2025-07-30
173,1089,P015,4,Close fear discuss town rule these never miss whose management.,2025-07-31
174,1144,P036,5,Throughout minute find author person event.,2024-08-08
175,1147,P045,1,See else high great program realize senior decision care figure.,2024-08-04
176,1151,P027,1,Rock evening under itself style.,2025-07-27
177,1025,P005,5,Husband hair lead go young son nature.,2024-05-15
178,1016,P002,3,Take majority up prove claim magazine.,2025-08-18
179,1182,P033,2,Campaign ask everything teacher improve bill.,2024-04-29
180,1073,P016,3,Stand certainly least enter now sort.,2025-07-04
181,1129,P023,1,Big list stock senior imagine natural opportunity.,2026-01-19
182,1042,P038,5,Rich very teach imagine level.,2024-04-03
183,1147,P016,5,Beautiful wonder arrive ten for.,2025-09-12
184,1162,P014,3,First less fill seat rest lose state manager arm song.,2025-07-10
185,1080,P029,3,Unit on away wrong interview day item cultural positive than.,2024-05-26
186,1104,P026,2,Build could shoulder goal charge economy garden education capital record.,2024-08-22
187,1183,P035,4,Human year remember similar tell task girl street.,2025-04-11
188,1146,P015,4,Among information before safe medical listen cause hand baby moment husband.,2025-12-12
189,1034,P003,2,So deal model they name pull drop husband interest too.,2025-09-27
190,1089,P023,4,Attention once financial available television about any.,2024-05-16
191,1125,P029,1,Religious report discussion later Mr may serious.,2026-01-21
192,1045,P034,4,Exist create both grow suffer should board.,2025-06-27
193,1134,P033,2,Article local hard degree none watch ability exactly.,2025-11-29
194,1021,P041,4,Themselves society clear save report write go spring.,2026-03-15
195,1122,P041,5,East seek other stuff senior information.,2024-05-22
196,1070,P023,3,Network successful away subject learn.,2024-04-29
197,1096,P007,1,Mind arm understand experience in collection brother.,2026-02-28
198,1105,P003,5,Perhaps media big ground eye thank bed position respond.,2025-02-15
199,1048,P032,5,Include subject can meet choose special player.,2025-07-22
200,1039,P031,2,Just husband bring sport responsibility know thus its time.,2024-11-29
201,1031,P018,3,Movie less suddenly family data national social question new team.,2026-03-24
202,1010,P043,3,Human own commercial instead sing with already positive staff.,2024-05-09
203,1030,P007,1,Guess six yard shoulder avoid test contain west paper difference.,2024-07-01
204,1018,P041,2,Effect kind idea interesting career star thank a down interest.,2024-08-27
205,1188,P001,1,Tell may example we leg appear beyond.,2025-08-22
206,1088,P014,4,Democrat even section send tax responsibility.,2025-09-03
207,1125,P032,5,Adult hair ability able.,2025-07-09
208,1073,P006,1,Question continue protect vote writer simple.,2025-07-16
209,1015,P039,5,Sell defense seek where short fish husband far model need.,2026-03-17
210,1004,P010,2,Media also imagine agent kitchen happen see agency nation use.,2024-07-04
211,1191,P007,4,Available happen apply sign turn same.,2026-02-28
212,1168,P026,2,Alone improve weight party truth method.,2026-01-04
213,1009,P034,4,Hit move whole pass seek off how relationship writer only fast.,2026-03-20
214,1109,P030,4,Indeed draw deep often woman audience.,2025-03-18
215,1137,P036,5,Without of population dark billion security race step sure easy.,2024-05-16
216,1154,P021,2,Final third history friend play.,2024-10-10
217,1132,P017,2,Former whom second until rate card.,2025-12-24
218,1016,P033,1,Night far manager probably billion.,2025-01-01
219,1143,P010,2,Since approach research trade until increase tell lay seat town.,2025-01-05
220,1099,P047,1,Southern help eat foot fly bring keep kitchen gun kind employee.,2026-03-15
221,1121,P042,3,Short whom sell before appear reflect break often.,2025-11-14
222,1052,P012,3,Skin drug whether institution movement unit resource.,2025-02-07
223,1069,P016,3,Wife past try real forget front pass around.,2025-10-24
224,1005,P041,2,Pay mother remember a fund various mouth fine recently form.,2025-02-14
225,1020,P032,2,Detail live usually article speech television.,2025-07-17
226,1079,P015,1,Be follow large attorney reality off information forget.,2024-12-26
227,1146,P027,4,Defense act Mrs during plant full wife dream.,2025-07-23
228,1111,P028,1,Break white effect coach reduce participant form consumer.,2026-02-23
229,1002,P017,3,Study fund edge student color sea control.,2026-02-04
230,1093,P046,1,Would hard factor relate many field.,2025-11-21
231,1013,P050,4,Develop short appear at water environmental care important available.,2025-02-09
232,1004,P002,2,Research Mr back and issue hold source difference accept.,2025-10-22
233,1170,P036,1,Yet former personal government parent hundred amount behind clearly expect who.,2025-06-17
234,1109,P050,3,Their difficult kitchen morning despite line ready.,2025-10-03
235,1074,P007,3,Build at toward behavior deep key fall road program.,2024-03-26
236,1189,P013,2,Sign talk view door yard article like campaign building article miss.,2024-06-21
237,1095,P015,1,Player two call ever long also offer.,2025-05-23
238,1105,P025,4,A receive one over sea eight quality final.,2024-04-14
239,1008,P023,2,Research hundred family whole agree job protect whatever field perform.,2025-01-16
240,1067,P022,1,That middle doctor positive none glass.,2024-11-06
241,1191,P026,5,Option administration skill part responsibility decide.,2024-04-10
242,1110,P033,3,Sometimes security matter prepare wonder kitchen free team wear.,2025-04-21
243,1009,P011,4,Discuss truth human you its manage.,2024-09-15
244,1117,P010,4,Organization dog arm physical growth.,2026-02-07
245,1011,P025,4,Risk art tonight whose fund population space have.,2024-10-13
246,1099,P037,3,Relationship power discuss serious new different positive.,2025-12-20
247,1042,P048,1,Financial accept war education total resource create majority.,2025-05-12
248,1141,P043,2,Second month wife money prove good read civil may ever.,2026-01-16
249,1164,P038,1,Manager decade everybody quickly military officer trip sign year.,2026-01-16
250,1120,P041,2,Trip someone push record model.,2025-02-24
251,1141,P045,4,Start many catch fish deep environment.,2024-06-30
252,1012,P024,1,Room career information generation wear.,2025-05-07
253,1037,P040,4,Strategy really beat eight explain produce from sit fine.,2026-01-25
254,1074,P046,5,Capital recent easy job build likely.,2025-12-24
255,1073,P033,4,Discuss population little mission.,2024-06-15
256,1052,P017,4,Send particularly me others project second Republican magazine.,2025-05-10
257,1199,P024,2,Manage nearly dinner change almost some.,2024-11-11
258,1130,P037,5,Like point person help seven.,2025-11-16
259,1056,P002,4,Right set so perform safe the interesting final open parent plant.,2025-03-25
260,1060,P032,4,Full into idea top position start remain grow.,2025-10-30
261,1023,P024,5,Safe focus turn blood challenge scientist nature report and.,2024-05-26
262,1103,P009,5,Up health building per none free hit eat mission significant.,2024-11-26
263,1040,P004,1,Lot entire cup wife travel benefit expert security none.,2026-02-18
264,1064,P017,2,Until shoulder case government could general color Congress ahead.,2026-01-10
265,1085,P017,5,Congress fight open allow fine then no appear kitchen.,2025-02-10
266,1151,P050,5,Off age ok style heart through.,2025-07-26
267,1157,P048,3,Either night positive door happy again.,2024-08-21
268,1179,P030,5,Little apply speech increase put degree newspaper behind consumer end.,2025-10-22
269,1197,P040,2,Already society business current significant a figure.,2025-08-24
270,1089,P011,4,Hot hold likely compare public policy.,2026-01-10
271,1031,P021,4,Be sit may else group herself value then product some.,2025-08-10
272,1178,P021,4,Direction traditional thank call see yard book again.,2026-03-20
273,1020,P018,4,Father respond choice mind him campaign.,2026-01-22
274,1183,P029,3,Example remain learn recently respond forward trial.,2025-09-03
275,1130,P024,5,Personal section book anything director customer.,2024-07-20
276,1153,P010,4,Word successful six wide rich southern crime town small south.,2025-12-02
277,1013,P045,1,Indicate trouble small apply help media investment national out.,2024-08-25
278,1122,P017,4,Beautiful author each note about goal over modern rate close.,2025-04-30
279,1103,P018,5,These sort never report fire note involve.,2024-06-13
280,1106,P042,4,Eye you not else strategy brother present entire kitchen organization article.,2025-03-12
281,1119,P048,3,Father fast still scientist may else mention development reason.,2024-09-07
282,1070,P020,2,Back grow pressure fine movement some democratic.,2024-09-02
283,1195,P037,2,Hard that fish world door matter science oil anyone concern.,2026-01-12
284,1186,P045,5,Later us news series yes film population face.,2024-05-23
285,1099,P018,2,Growth purpose thought our behind customer player institution.,2025-08-28
286,1082,P017,2,Wife film recognize on couple others throw operation painting able whose.,2025-01-07
287,1075,P009,1,Maybe important hot tough develop see when near about.,2025-07-20
288,1118,P014,5,Skin actually seven officer.,2024-10-03
289,1084,P049,5,Law eat risk player run.,2025-01-20
290,1192,P029,2,Cold realize maintain real team even.,2025-08-26
291,1069,P031,2,Spring father animal tell people natural.,2025-07-21
292,1059,P004,2,Out focus authority result do campaign what deep reduce bill.,2025-08-08
293,1188,P018,3,Popular view serious democratic.,2025-04-18
294,1126,P020,4,Including firm rock bed difficult lay field customer early during.,2025-05-03
295,1111,P047,3,Size finally almost hundred wrong around young key.,2024-11-07
296,1062,P043,5,Skill happy occur shake popular health break company.,2025-12-02
297,1144,P044,1,Even wonder almost mother relationship care during include fire read fish.,2025-03-03
298,1128,P009,4,Worry week shake full section message.,2024-12-30
299,1105,P013,1,Condition song challenge front tree.,2025-07-31
300,1068,P015,5,Allow management show animal itself.,2024-09-06
301,1015,P027,5,Carry site put strategy reduce six into.,2024-08-11
302,1183,P015,1,Player fight most start smile.,2024-04-24
303,1035,P028,1,Heavy anyone scientist later herself pattern sound get environmental everyone.,2026-01-18
304,1183,P037,1,Try her standard listen goal pressure last.,2025-04-18
305,1014,P019,5,Actually despite should cut movie stuff thank final any couple.,2024-10-02
306,1177,P026,2,Dark film get check mission energy area action significant Congress.,2025-04-20
307,1102,P026,1,Since theory budget kind build huge entire.,2025-04-24
308,1100,P025,4,Cultural suffer drive need say everyone Congress heavy improve Democrat include.,2024-12-29
309,1007,P026,5,Far other else education rich available challenge lay.,2024-08-05
310,1030,P026,3,Bit stop population fire her.,2025-02-16
311,1049,P046,3,Specific after painting imagine happy.,2024-04-18
312,1144,P028,4,Involve form paper here think population officer education.,2024-06-17
313,1111,P049,2,Cell partner information may decade bring Congress hotel this laugh.,2025-09-08
314,1179,P018,1,Federal someone sister person because reveal.,2025-11-09
315,1072,P032,5,Ever total admit them prevent successful.,2025-10-26
316,1080,P003,1,Total team full coach whom interview school least.,2024-12-07
317,1083,P002,5,Central over shake hold themselves analysis customer source least.,2024-12-30
318,1042,P033,3,Health get control test usually popular sea.,2025-06-14
319,1017,P042,1,Management news loss brother answer industry others responsibility glass.,2025-03-23
320,1191,P019,4,Exactly capital dinner second main also run star subject.,2024-08-15
321,1173,P017,2,Hospital half audience design different adult short.,2024-08-21
322,1007,P044,4,Southern old notice though up.,2024-07-05
323,1155,P033,2,Skill parent nice eye who.,2025-05-04
324,1010,P012,1,Later upon time there against operation across.,2024-07-31
325,1034,P049,1,Factor would old form understand significant fill anything.,2025-05-21
326,1036,P003,2,Throughout consider drug teach once.,2025-09-25
327,1153,P043,3,Trade way spring continue defense.,2026-03-14
328,1006,P049,5,Available draw face director eight talk standard get.,2024-08-24
329,1152,P026,4,Stay avoid anyone walk tell trip.,2025-03-23
330,1146,P035,4,Ability result seem management culture wall.,2025-02-24
331,1134,P008,4,Public form left why employee authority appear dinner grow.,2024-09-06
332,1029,P036,1,Big fly purpose member wonder direction fire push.,2024-07-13
333,1126,P007,4,Future effort left unit drive seven candidate music reveal campaign bed.,2024-08-11
334,1153,P046,5,Trial step course personal media.,2024-07-18
335,1183,P046,5,Each forward practice manage goal always who seek make.,2025-02-13
336,1081,P036,2,Region step billion prevent film although partner agreement available.,2024-09-30
337,1174,P016,1,Charge view course only traditional base growth recognize would.,2025-07-06
338,1152,P024,5,Understand pull view information girl table option.,2024-06-11
339,1075,P001,3,No low sure week third group bill call charge up.,2025-12-31
340,1026,P049,1,Produce be they team such.,2025-12-15
341,1127,P025,1,Tv program throughout fine old drop.,2025-07-27
342,1115,P010,5,Animal short dog kitchen because.,2025-12-24
343,1126,P016,3,System standard cultural deep magazine as effort gun lose debate.,2025-10-23
344,1028,P016,2,Understand shake carry movie church five.,2024-09-20
345,1131,P008,5,Account business care bring guy possible stock recognize ok north nor.,2025-11-25
346,1075,P029,3,Party product fear scene.,2025-10-30
347,1166,P039,1,News business break hot sell part rich around mean.,2024-12-17
348,1189,P028,3,Maintain tell charge up term new above.,2024-06-10
349,1078,P006,1,Church as church quickly suggest establish approach catch job light.,2026-02-18
350,1179,P016,5,Behavior race summer identify commercial agreement.,2026-02-01
351,1090,P020,5,Country surface debate Republican rather civil speech.,2025-06-19
352,1176,P016,4,Safe glass Mr exactly nearly account nothing and trade perhaps.,2025-11-23
353,1021,P007,4,Return different easy science operation family maybe discover.,2025-11-15
354,1054,P041,4,Certain season quite performance describe American clear brother past this.,2024-07-26
355,1184,P014,5,Source join member no bed friend small.,2024-11-23
356,1103,P043,2,Least claim your involve ahead too include.,2025-09-28
357,1059,P026,5,Magazine against leader modern travel participant air much.,2025-09-27
358,1072,P026,3,Sell indeed so town girl tell discover.,2024-11-05
359,1179,P014,5,Discussion share through over arm get tonight third lose pattern.,2024-08-12
360,1020,P007,5,Article hot admit employee house whatever.,2025-11-07
361,1112,P033,1,Like newspaper along concern such high her cell bad word.,2025-07-19
362,1059,P026,1,Customer it read cultural week which enough analysis along prevent.,2024-12-11
363,1071,P045,1,Sea consumer hospital floor hot choice whom season hand.,2025-06-10
364,1137,P020,5,Gun economic card trial wide.,2024-10-07
365,1109,P003,2,Throughout big bank kid summer live.,2025-02-04
366,1129,P004,3,Beautiful trade particularly commercial middle statement.,2024-06-19
367,1157,P026,3,Evidence note bring until anything information little board.,2025-01-05
368,1191,P011,2,Friend grow deep note room particular player deep air.,2025-12-01
369,1200,P002,2,Pull more experience remember long.,2024-11-03
370,1056,P014,3,Step deal drug six no occur set home travel.,2024-08-07
371,1196,P044,4,Visit major watch community authority on.,2024-08-21
372,1035,P030,1,Able local minute traditional approach much agreement work fine up.,2025-02-09
373,1123,P049,1,Leader someone must herself.,2026-03-12
374,1131,P012,3,Station region level this news live that month.,2025-11-30
375,1104,P026,2,Onto sound four everyone social product from especially.,2024-04-25
376,1007,P044,4,Fire carry impact take player.,2025-07-22
377,1027,P033,3,Appear agree down better why money tough government.,2026-03-08
378,1001,P013,1,Yeah have manage series lead wear boy raise drop.,2025-09-14
379,1199,P014,5,Series do woman central century.,2024-09-02
380,1172,P024,2,Threat investment agent become last let certain now nature.,2025-08-12
381,1087,P034,5,One none citizen international Mr performance.,2024-12-19
382,1041,P044,3,Race question more natural let strategy to parent data sound watch.,2026-03-15
383,1123,P026,1,While join artist situation heart opportunity apply stay.,2024-08-06
384,1075,P021,4,Take nation design collection themselves maybe camera similar against.,2025-02-21
385,1042,P028,5,Clearly personal eat today care push president information quite threat.,2025-06-23
386,1117,P048,4,Hundred even beat its whatever knowledge.,2025-08-11
387,1161,P036,1,Than visit argue know community.,2026-02-28
388,1178,P040,5,Since artist a worry particular front dog lot.,2025-09-06
389,1063,P002,4,Successful run head cell five hotel place strong commercial.,2024-11-04
390,1165,P042,4,All challenge page arm worry small about key result threat.,2024-10-26
391,1187,P009,5,Whatever money join perhaps reason performance take.,2025-01-29
392,1127,P023,1,Serious bank happen role population organization civil us.,2025-05-26
393,1176,P015,4,Around none save main wish discover support.,2024-04-23
394,1133,P013,3,Trial local American couple order ever sure.,2025-01-25
395,1048,P023,5,Whose as simply section free drop little.,2024-05-24
396,1003,P017,2,Space space great collection ability military.,2026-03-12
397,1116,P048,2,Tv stay future exactly girl money hospital door.,2026-02-28
398,1175,P002,1,Beat teach marriage plan five order.,2025-02-15
399,1190,P020,3,Million rich travel case push cell case dog field.,2024-08-13
400,1099,P020,4,Quickly positive debate decide too blue human east throughout.,2025-09-09
401,1116,P046,2,Floor those big next of.,2024-08-05
402,1014,P003,1,Call pressure require require large.,2024-04-04
403,1191,P012,3,She feel sometimes property development throw forget use.,2025-01-17
404,1112,P040,3,Across indicate suggest little important officer sometimes under tend agent.,2024-12-21
405,1061,P002,1,All else fast car person necessary.,2026-03-03
406,1159,P036,1,Story agreement adult agree agreement effect.,2025-11-03
407,1095,P014,4,People standard deep activity argue total drug within manager million.,2025-08-03
408,1017,P016,1,Why natural do appear.,2025-11-06
409,1124,P019,4,Whole write physical interest course newspaper smile point operation produce.,2024-11-12
410,1024,P034,4,Could perhaps individual scene view.,2025-05-22
411,1116,P044,5,Policy seem page behavior past program test health until.,2025-10-31
412,1151,P046,3,Another question none word last attack list.,2024-09-17
413,1082,P006,3,Involve dream fill fire laugh.,2025-11-10
414,1050,P013,3,School decision interview which very every beat though international bill push.,2024-05-15
415,1079,P036,5,Whole environment majority white down various evening agent.,2024-09-02
416,1079,P022,4,Population case coach skill form to generation crime set.,2024-08-16
417,1070,P018,4,Floor white environmental role there.,2024-12-14
418,1027,P012,1,Member wife wish customer arm position.,2025-09-03
419,1015,P030,5,Office plan still church.,2024-08-27
420,1050,P040,1,Black item chance hospital a politics focus.,2025-02-07
421,1036,P007,5,House number human move effort television weight senior end dinner language.,2024-10-08
422,1008,P032,1,Prepare control commercial try could arrive rate vote huge thing.,2026-02-16
423,1079,P048,2,Movie time thing glass enter recently write level year.,2025-04-06
424,1131,P019,3,Culture order good media radio phone argue.,2025-06-21
425,1190,P006,3,Expect before remember ready your similar next dream everyone.,2026-02-22
426,1047,P020,4,Yet operation keep mother card.,2025-08-28
427,1105,P027,2,Game standard hospital wind whom.,2025-12-12
428,1098,P043,3,Place every analysis rule collection.,2025-07-17
429,1096,P037,4,Respond author them public could.,2024-06-25
430,1189,P048,2,Radio design free job give.,2025-09-28
431,1160,P007,3,Level of its still for course minute.,2024-07-04
432,1116,P005,1,Someone question own any subject seven stay data recently.,2025-08-14
433,1013,P011,5,Term know million stop my every claim wait race.,2025-10-06
434,1001,P015,2,Support property indicate parent property nation mention work wind.,2024-11-17
435,1034,P003,4,Part network traditional speak personal no would market attorney.,2024-11-23
436,1190,P005,2,Understand fish early former imagine here east.,2024-04-24
437,1079,P023,4,Low event soon wind worry guy expect ever.,2025-02-10
438,1078,P037,2,Pm animal rate tough degree about south business.,2024-10-01
439,1121,P009,4,Glass pick miss character magazine term.,2025-03-04
440,1093,P015,3,Peace notice well stay property back boy station.,2025-08-20
441,1098,P003,1,Try trade choose their military response fast mean line.,2025-05-25
442,1082,P029,3,Break member information drop mind society scientist.,2025-03-16
443,1199,P006,1,Popular there different character make how six field same.,2025-08-05
444,1159,P017,3,No stuff few argue nor middle might create.,2024-10-29
445,1192,P026,3,Phone sit ball prepare east member billion security evening.,2024-12-07
446,1153,P021,2,Young like until measure easy among price.,2024-05-26
447,1038,P008,5,Open here soldier throw lead.,2025-06-30
448,1014,P021,4,Street many attack air win itself along policy.,2025-09-21
449,1136,P011,4,Measure get once ahead nation week.,2024-05-18
450,1091,P038,4,Hot claim attention expert campaign before.,2024-04-03
451,1054,P008,1,Always source support economic defense.,2025-08-19
452,1130,P042,4,Father or reveal instead physical whatever.,2024-04-03
453,1101,P024,4,Rate affect check feel phone say address us strategy take.,2024-10-23
454,1089,P035,2,Occur year family structure decide else.,2024-06-28
455,1056,P014,3,Model company not fine order.,2026-01-18
456,1094,P014,4,Process police article move no generation computer.,2025-01-26
457,1093,P010,5,How analysis ready reason take power become whom understand.,2025-03-05
458,1084,P012,4,Probably stage single benefit take instead your indicate attorney.,2025-08-05
459,1085,P038,1,Able Mr yeah discussion scene continue affect.,2025-05-24
460,1189,P044,1,Cup read evening night take alone house movie.,2025-05-16
461,1022,P046,1,Should much institution network reflect choose thought.,2025-12-15
462,1035,P034,4,Institution safe kitchen do task relate forward early.,2025-09-16
463,1016,P041,2,Trial we maintain easy paper policy cup himself next audience.,2024-07-13
464,1050,P010,5,Good hospital together world past organization skin you bring deep.,2024-12-30
465,1122,P017,4,Us defense visit hospital move live dinner enter clear commercial.,2024-03-28
466,1128,P017,2,Either article magazine sit tough ahead owner lawyer.,2025-02-10
467,1113,P003,2,Drug same hold peace together along understand whom report research.,2024-07-10
468,1171,P031,4,Two believe large partner management policy yes range give.,2026-01-08
469,1017,P001,4,Concern raise approach despite quite affect animal that staff.,2024-11-10
470,1080,P012,2,Who go majority seek their protect.,2025-04-10
471,1186,P039,2,Field push democratic wrong find sit player find.,2024-06-03
472,1130,P004,2,Should world safe thought hand religious.,2025-10-26
473,1132,P042,4,Car citizen political able half her such theory condition require mean.,2024-08-06
474,1085,P013,2,Behavior find hope option bag.,2024-07-21
475,1167,P034,1,Blue sign much second guess voice.,2025-09-25
476,1094,P042,4,Voice sit fall eye yeah.,2024-05-17
477,1134,P021,1,Teach thousand something impact grow entire through.,2025-06-27
478,1081,P022,3,Key market international perhaps cover rule movie.,2024-05-31
479,1069,P004,4,Word four wrong establish could specific.,2025-10-03
480,1069,P018,3,Soon necessary ahead significant figure cause.,2025-09-27
481,1148,P005,2,Main whatever inside opportunity mouth recent course least bad.,2026-03-09
482,1192,P019,2,Case campaign stay couple number.,2024-05-09
483,1016,P002,5,From under focus market traditional government dream.,2024-07-22
484,1051,P012,2,World look student door maybe thought.,2024-11-11
485,1105,P017,3,Word agree pressure among idea job page community assume.,2024-07-11
486,1165,P010,2,During different tree describe past worker sometimes value Republican.,2026-02-06
487,1197,P034,4,Prove direction analysis certainly weight too never leader.,2025-01-05
488,1170,P006,2,Detail explain black former everybody hot letter agent human.,2025-04-25
489,1185,P008,5,Ability western make take myself within.,2025-07-21
490,1066,P011,2,Claim west but break factor job.,2024-06-17
491,1009,P012,3,Rock husband wind chance kid myself.,2024-10-30
492,1107,P009,3,Born artist exactly happen keep these star building receive player.,2026-02-23
493,1100,P002,2,Build model wind fine worry owner writer also down.,2024-04-11
494,1086,P008,3,Part question appear role do mean.,2025-08-22
495,1064,P011,3,Course machine hot least couple include.,2024-04-21
496,1022,P036,5,Pick participant everything break behind.,2025-10-22
497,1162,P010,4,View off appear foot child all past they doctor.,2025-10-25
498,1183,P021,5,Mission present simply begin toward hospital standard fight page.,2024-04-22
499,1157,P020,1,Someone bit fly necessary much involve discussion.,2025-07-29
500,1166,P048,5,Information successful development develop available.,2024-12-09
